date,variante,periode,geometrie,glissement,trades,par_jour,gagnants_pct,pf,esp_r,pips_par_trade,stop_pips,t_jours,annees+,objectif_pct,stop_pct
2026-09-29T21:28:20Z,base,developpement,atr,0.0,404071,352.0,17.1,0.583,-0.3969,-1.52,4.6,-125.1,0/5,12.3,81.7
2026-09-29T21:28:20Z,base,developpement,atr,0.1,280647,244.5,14.3,0.379,-0.703,-3.37,5.6,-98.1,0/5,10.0,84.2
2026-09-29T21:28:20Z,ecart,developpement,atr,0.0,393254,342.6,17.2,0.588,-0.3939,-1.49,4.5,-120.8,0/5,12.3,81.7
2026-09-29T21:28:20Z,ecart,developpement,atr,0.1,273519,238.3,14.3,0.38,-0.7025,-3.34,5.5,-98.5,0/5,10.0,84.2
2026-09-29T21:28:20Z,seances,developpement,atr,0.0,278158,242.3,17.8,0.621,-0.3598,-1.47,4.9,-106.6,0/5,13.0,81.2
2026-09-29T21:28:20Z,seances,developpement,atr,0.1,208602,182.0,14.8,0.404,-0.6689,-3.33,5.8,-106.1,0/5,10.6,83.8
2026-09-29T21:28:20Z,volat,developpement,atr,0.0,272591,237.4,18.3,0.63,-0.344,-1.52,5.2,-98.9,0/5,12.7,80.4
2026-09-29T21:28:20Z,volat,developpement,atr,0.1,219820,191.5,15.0,0.407,-0.6585,-3.37,5.9,-111.1,0/5,10.3,83.3
2026-09-29T21:28:20Z,jour,developpement,atr,0.0,39227,52.3,19.2,0.712,-0.2984,-1.24,5.6,-25.2,0/5,13.8,79.5
2026-09-29T21:28:20Z,jour,developpement,atr,0.1,30685,41.7,16.5,0.49,-0.5827,-3.07,6.5,-30.1,0/5,11.6,82.0
2026-09-29T21:28:20Z,ema,developpement,atr,0.0,204360,178.0,17.0,0.59,-0.3946,-1.5,4.6,-87.5,0/5,12.5,81.8
2026-09-29T21:28:20Z,ema,developpement,atr,0.1,142185,124.0,14.2,0.387,-0.6983,-3.33,5.6,-88.2,0/5,10.3,84.2
2026-09-29T21:28:20Z,elan,developpement,atr,0.0,77789,67.9,21.0,0.642,-0.3274,-1.57,5.8,-56.8,0/5,14.5,77.3
2026-09-29T21:28:20Z,elan,developpement,atr,0.1,46117,40.4,18.4,0.463,-0.5631,-3.42,7.2,-58.2,0/5,12.5,79.4
2026-09-29T21:28:20Z,duree20,developpement,atr,0.0,404071,352.0,15.6,0.595,-0.3971,-1.52,4.6,-122.0,0/5,14.5,84.2
2026-09-29T21:28:20Z,duree20,developpement,atr,0.1,280647,244.5,13.1,0.398,-0.7003,-3.36,5.6,-97.5,0/5,12.1,86.6
2026-09-29T21:28:20Z,protege,developpement,atr,0.0,404071,352.0,12.2,0.518,-0.3951,-1.51,4.6,-132.1,0/5,10.0,87.5
2026-09-29T21:28:20Z,protege,developpement,atr,0.1,280647,244.5,10.3,0.322,-0.7044,-3.38,5.6,-99.5,0/5,8.3,89.2
2026-09-29T21:28:20Z,suiveur,developpement,atr,0.0,404071,352.0,26.5,0.523,-0.3915,-1.5,4.6,-138.1,0/5,6.2,92.9
2026-09-29T21:28:20Z,suiveur,developpement,atr,0.1,280647,244.5,18.9,0.304,-0.708,-3.4,5.6,-100.8,0/5,5.3,93.6
2026-09-29T21:28:20Z,mi_temps,developpement,atr,0.0,404071,352.0,21.5,0.563,-0.3946,-1.51,4.6,-132.2,0/5,7.9,78.2
2026-09-29T21:28:20Z,mi_temps,developpement,atr,0.1,280647,244.5,17.7,0.351,-0.7072,-3.39,5.6,-100.1,0/5,6.4,81.7
2026-09-29T21:28:53Z,base,validation,atr,0.0,224770,496.2,19.1,0.708,-0.2885,-1.4,6.1,-74.4,0/2,14.1,79.8
2026-09-29T21:28:53Z,base,validation,atr,0.1,188734,416.6,16.4,0.495,-0.5672,-3.23,6.9,-94.9,0/2,12.0,82.3
2026-09-29T21:28:53Z,jour,validation,atr,0.0,25025,78.2,20.7,0.771,-0.2229,-1.29,7.3,-15.9,0/2,15.1,78.2
2026-09-29T21:28:53Z,jour,validation,atr,0.1,22155,69.7,18.0,0.567,-0.4772,-3.1,8.0,-22.4,0/2,13.1,80.7
2026-09-29T21:28:53Z,suiveur,validation,atr,0.0,224770,496.2,31.3,0.648,-0.2866,-1.38,6.1,-84.8,0/2,6.2,93.1
2026-09-29T21:28:53Z,suiveur,validation,atr,0.1,188734,416.6,23.1,0.406,-0.5763,-3.28,6.9,-99.9,0/2,5.6,93.6
2026-09-29T21:28:53Z,jour+suiveur,validation,atr,0.0,25025,78.2,34.0,0.724,-0.2215,-1.25,7.3,-18.6,0/2,6.5,92.9
2026-09-29T21:28:53Z,jour+suiveur,validation,atr,0.1,22155,69.7,25.8,0.48,-0.4866,-3.14,8.0,-23.2,0/2,6.2,93.1
2026-09-29T21:29:07Z,base,final,atr,0.0,154663,604.2,22.7,0.914,-0.0909,-0.97,15.1,-18.3,0/2,17.3,76.4
2026-09-29T21:29:07Z,base,final,atr,0.1,150629,588.4,21.0,0.781,-0.2426,-2.76,15.5,-37.4,0/2,16.0,77.9
2026-09-29T21:29:07Z,jour,final,atr,0.0,16871,94.8,23.2,0.934,-0.0727,-0.96,19.3,-4.0,0/2,17.7,75.9
2026-09-29T21:29:07Z,jour,final,atr,0.1,16503,92.7,21.8,0.824,-0.2013,-2.77,19.8,-9.9,0/2,16.6,77.2
2026-09-29T21:29:07Z,suiveur,final,atr,0.0,154663,604.2,39.1,0.897,-0.0876,-0.89,15.1,-23.9,0/2,6.8,92.8
2026-09-29T21:29:07Z,suiveur,final,atr,0.1,150629,588.4,33.8,0.719,-0.2471,-2.78,15.5,-45.2,0/2,6.5,93.0
2026-09-29T21:29:07Z,jour+suiveur,final,atr,0.0,16871,94.8,39.6,0.915,-0.0858,-0.92,19.3,-7.4,0/2,6.7,92.8
2026-09-29T21:29:07Z,jour+suiveur,final,atr,0.1,16503,92.7,34.7,0.766,-0.2228,-2.86,19.8,-12.9,0/2,6.5,92.9
2026-09-29T21:29:29Z,base,recent,pips,0.0,271823,605.4,26.7,0.834,-0.1195,-1.3,11.1,-31.6,0/2,11.4,68.9
2026-09-29T21:29:29Z,base,recent,pips,0.1,267870,596.6,23.7,0.645,-0.2905,-3.17,11.3,-57.1,0/2,10.4,71.3
2026-09-29T21:29:29Z,jour,recent,pips,0.0,28975,92.6,26.4,0.845,-0.1093,-1.24,11.3,-9.6,0/2,12.2,69.8
2026-09-29T21:29:29Z,jour,recent,pips,0.1,28483,91.0,23.5,0.656,-0.2824,-3.15,11.5,-18.4,0/2,11.0,72.1
2026-09-29T21:29:29Z,suiveur,recent,pips,0.0,271823,605.4,39.1,0.8,-0.1183,-1.28,11.1,-36.5,0/2,5.0,86.9
2026-09-29T21:29:29Z,suiveur,recent,pips,0.1,267870,596.6,32.5,0.577,-0.2949,-3.21,11.3,-64.0,0/2,4.7,87.5
2026-09-29T21:29:29Z,jour+suiveur,recent,pips,0.0,28975,92.6,38.6,0.81,-0.1104,-1.25,11.3,-12.0,0/2,5.5,87.2
2026-09-29T21:29:29Z,jour+suiveur,recent,pips,0.1,28483,91.0,32.3,0.589,-0.2863,-3.18,11.5,-19.7,0/2,5.1,87.7
