module,modele,reglage,params,periode,scenario,calcul_s,signaux,achats_pct,brut_1m,net_1m,reussite_1m,t_1m,brut_5m,net_5m,reussite_5m,t_5m,brut_15m,net_15m,reussite_15m,t_15m,trades,trades_par_jour,gagnants_pct,pf,esp_r,net_usd_oz,t_jours,esp_r_achats,esp_r_ventes,annees_positives,pire_annee_r
baselines,hasard,1,{},developpement,reel,0.0,1573791,50.00003177041933,0.00022397963174089716,-0.19673356254407395,25.435206846054697,-56.45041356938291,0.0005737823578441848,-0.19610180408672936,37.309054361114526,-56.73514678804376,0.0005420889891947579,-0.19568880571461253,42.4479191761892,-56.592024043211744,154598,134.66724738675958,38.99921085654407,0.6497456418661869,-0.10236287485307147,-32224.4557142936,-25.720276488270077,-0.10266784510925123,-0.10205860605843096,0/5,-0.15178601955387042
baselines,hasard,1,{},developpement,stress,0.0,1573791,50.00003177041933,0.00022397963174089716,-0.396733562544074,12.414578515276514,-113.47896757887995,0.0005737823578441848,-0.39610180408672935,26.678213910134303,-114.22958264193728,0.0005420889891947579,-0.39568880571461257,35.197302275321846,-114.05992466347752,156049,135.93118466898954,31.080622112285244,0.43416028061087153,-0.20357703258126247,-64305.8685714107,-48.29788280865038,-0.2034440290410423,-0.20371051256736716,0/5,-0.25897437297105325
baselines,sens du jour (v3),1,{'k': 0.5},developpement,reel,0.2,255150,56.3652753282383,-0.000653238121783055,-0.19153734724081453,30.205981996694554,-15.843600726664873,0.0025200260823176387,-0.18765286806694437,40.290066984133254,-15.229467572631373,0.013314150685592416,-0.17573148579787462,44.320757446671706,-9.176930419043499,27928,34.91,39.913348610713264,0.7355324205325426,-0.09002421128624725,-5438.862857144242,-9.87560528422087,-0.10045556271460425,-0.07685297155433898,0/5,-0.12512861265356048
baselines,sens du jour (v3),1,{'k': 0.5},developpement,stress,0.2,255150,56.3652753282383,-0.000653238121783055,-0.3915373472408145,17.25585028912853,-24.715168515087566,0.0025200260823176387,-0.3876528680669444,31.11422869450098,-25.398772972153278,0.013314150685592416,-0.37573148579787463,38.37427060393191,-18.907056742378412,28228,35.285,33.59784611024514,0.5446498448904908,-0.1875145144688564,-11048.802857139814,-18.590690891549173,-0.19805717134410894,-0.17421689911190277,0/5,-0.22135792759871226
baselines,tendance EMA20/50 M1 (v1),1,{},developpement,reel,0.1,1573791,50.824601233581845,-0.0016356668360205326,-0.1985932090118354,25.061886264079007,-56.272816090826495,-0.0051590286285329995,-0.20183461507310654,36.36712071227275,-50.17788970263473,-0.006095449549040702,-0.20232634425284798,41.2324911616624,-33.1422133932845,154180,134.30313588850174,38.08924633545207,0.6456429778166947,-0.10427217897128611,-32817.3085714365,-26.589599710950814,-0.1052127212338385,-0.10330769100511938,0/5,-0.15903446896878287
baselines,tendance EMA20/50 M1 (v1),1,{},developpement,stress,0.1,1573791,50.824601233581845,-0.0016356668360205326,-0.39859320901183537,12.192531935092706,-112.61539112105758,-0.0051590286285329995,-0.4018346150731066,25.968734435295794,-99.7055296173767,-0.006095449549040702,-0.40232634425284797,34.08222304025965,-65.87523783567127,155549,135.49564459930315,30.404567049611376,0.4348121963376033,-0.20420594310952817,-64353.50857141067,-47.392311907669395,-0.20426058346859496,-0.20414990458000656,0/5,-0.25939165415485566
models_reaction,balayage rejeté,1,"{'hold': 15, 'wick': 0.5, 'levels': 'cles'}",developpement,reel,2.4,13046,52.71347539475701,-0.002376207266595003,-0.18881036332975612,36.46328376513874,-20.237310097270335,-0.01091292350145683,-0.19734707956461794,43.78353518319791,-6.7004833934112495,-0.07734662576687047,-0.2636326687116558,45.0920245398773,-4.003858356601071,2068,2.8059701492537314,41.53771760154739,0.7759865924562701,-0.0916004737318032,-396.79142857152806,-4.5591697275860135,-0.10723387947919957,-0.073626932404755,0/5,-0.1490369341086332
models_reaction,balayage rejeté,1,"{'hold': 15, 'wick': 0.5, 'levels': 'cles'}",developpement,stress,2.4,13046,52.71347539475701,-0.002376207266595003,-0.3888103633297561,23.800398589606008,-32.773191063447356,-0.01091292350145683,-0.397347079564618,36.470948949869694,-13.519355804697774,-0.07734662576687047,-0.46363266871165576,40.6978527607362,-7.065755691697502,2087,2.8317503392130257,37.85337805462386,0.5961602764844648,-0.19048637471157023,-816.9478571426457,-9.430849613870668,-0.2080894923520678,-0.17009806886114906,0/5,-0.241239652680823
models_reaction,balayage rejeté,2,"{'hold': 30, 'wick': 0.5, 'levels': 'veille+asie'}",developpement,reel,2.8,12986,55.52903126443862,-0.00351455413522308,-0.19873402125365833,35.44586477745264,-16.405955660893554,-0.023854920683814736,-0.21907438780224997,43.26197443400585,-7.562135537238125,-0.07339673494532634,-0.2686162020637616,45.61835823194209,-3.663628813566341,1725,3.1363636363636362,41.449275362318836,0.7647016475865969,-0.09769082286682211,-350.19000000007895,-4.391386394953489,-0.08519537835135998,-0.11378243642718514,1/5,-0.17958319730466818
models_reaction,balayage rejeté,2,"{'hold': 30, 'wick': 0.5, 'levels': 'veille+asie'}",developpement,stress,2.8,12986,55.52903126443862,-0.00351455413522308,-0.39873402125365837,22.69367010626829,-24.744690437303916,-0.023854920683814736,-0.4190743878022499,35.96950562143847,-14.283273999028188,-0.07339673494532634,-0.46861620206376164,40.96719544124442,-6.426756846409606,1749,3.18,37.56432246998285,0.5908444058489786,-0.19485180205804603,-698.66357142839,-8.579645931179504,-0.18217054332960847,-0.2111633819126638,0/5,-0.2716080033268396
models_reaction,balayage rejeté,3,"{'hold': 10, 'wick': 0.6, 'levels': 'cles+ronds'}",developpement,reel,1.4,12198,56.43548122643056,-0.005895712060343367,-0.19376404033778863,37.7387882266131,-18.586020294731995,-0.04020421553350267,-0.2279865496596406,44.24669892561306,-6.684738632311489,-0.0793502338173755,-0.26703667240954876,46.49273935515629,-3.6167382144419524,1754,2.1870324189526182,41.391106043329536,0.7998744380349113,-0.09296840915872444,-332.42928571436414,-3.89541596924556,-0.10203487332970085,-0.08102750456366041,0/5,-0.11041313360957546
models_reaction,balayage rejeté,3,"{'hold': 10, 'wick': 0.6, 'levels': 'cles+ronds'}",developpement,stress,1.4,12198,56.43548122643056,-0.005895712060343367,-0.3937640403377886,25.5964581454456,-31.54969871535552,-0.04020421553350267,-0.4279865496596406,37.42311162142213,-12.437632045854457,-0.0793502338173755,-0.46703667240954877,42.423496595290835,-6.344625123256092,1775,2.2132169576059852,38.197183098591545,0.6334643949323572,-0.19010160727983577,-687.3807142855408,-7.941782689863256,-0.20357968591040154,-0.1721426431124327,0/5,-0.20458088961730173
models_reaction,cassure acceptée,1,"{'hold': 15, 'body_k': 1.5, 'levels': 'cles'}",developpement,reel,1.8,22384,51.331308077198,0.003486127864897029,-0.16750212214627216,35.196354376089,-28.62068497640711,0.029240495018540053,-0.14174775499262915,42.344636554527995,-5.724186702655245,0.12599669258961352,-0.044999553052649834,44.998659157951195,-0.6930717222335314,3525,3.626543209876543,40.93617021276596,0.8534928691513546,-0.061154666581899664,-424.33142857160965,-3.7024684052936405,-0.00837756844608797,-0.11396171766784519,0/5,-0.10018215593972918
models_reaction,cassure acceptée,1,"{'hold': 15, 'body_k': 1.5, 'levels': 'cles'}",developpement,stress,1.8,22384,51.331308077198,0.003486127864897029,-0.3675021221462722,22.63771612384399,-43.2681832018139,0.029240495018540053,-0.3417477549926291,35.124871554304605,-13.65983399146666,0.12599669258961352,-0.24499955305264987,40.6453919728256,-3.779157239612155,3554,3.656378600823045,35.62183455261677,0.6675657230309772,-0.15473735817821313,-1102.2342857139347,-9.407926568381297,-0.10265976146482425,-0.20658102969580916,0/5,-0.18216485512152855
models_reaction,cassure acceptée,2,"{'hold': 30, 'body_k': 2.0, 'levels': 'veille+asie'}",developpement,reel,1.6,17621,53.816468985869136,0.0018921679909189792,-0.16990805902383696,34.42678774120318,-25.76522492225063,0.015326901248580497,-0.1564733257661755,41.583427922814984,-5.790678515748487,0.06760490602464392,-0.10420589404349531,44.12015217761626,-1.3883117760093548,2318,3.379008746355685,39.77566867989646,0.8443831475642366,-0.0662229010725994,-307.71142857154564,-3.3497686849636064,-0.01941092306728922,-0.11664225372706429,0/5,-0.11966750362763229
models_reaction,cassure acceptée,2,"{'hold': 30, 'body_k': 2.0, 'levels': 'veille+asie'}",developpement,stress,1.6,17621,53.816468985869136,0.0018921679909189792,-0.369908059023837,22.485811577752553,-35.806398718324004,0.015326901248580497,-0.3564733257661755,34.40408626560726,-13.233987101420986,0.06760490602464392,-0.30420589404349535,39.70245869059111,-4.085899205821825,2347,3.4212827988338192,35.066041755432465,0.6637315575971342,-0.1611644358590681,-765.1207142854835,-8.259168681572849,-0.10684151924927078,-0.21976967273305664,0/5,-0.2150034093116132
models_reaction,cassure acceptée,3,"{'hold': 10, 'body_k': 1.5, 'levels': 'cles+ronds'}",developpement,reel,3.1,35752,50.37480420675766,-0.007876643356643818,-0.18345958041958085,35.45734265734266,-33.7467932918677,-0.028514798858614077,-0.2040958428915129,41.92077435237509,-11.120947218548467,-0.026665920474578213,-0.20223857626549524,44.8526736995271,-4.809866929447898,5327,4.838328792007266,39.70339778486953,0.7846918462061322,-0.08975760682342138,-1030.340714285965,-6.5473915300830825,-0.06425551066498872,-0.1135836392909767,0/5,-0.15864485638316092
models_reaction,cassure acceptée,3,"{'hold': 10, 'body_k': 1.5, 'levels': 'cles+ronds'}",developpement,stress,3.1,35752,50.37480420675766,-0.007876643356643818,-0.3834595804195809,23.32027972027972,-47.59612902917432,-0.028514798858614077,-0.4040958428915129,34.97174509035976,-20.986773591859833,-0.026665920474578213,-0.40223857626549525,40.55460726977642,-9.457859193712578,5384,4.890099909173479,35.14115898959881,0.6224729863747451,-0.1821973474547658,-2047.2257142851845,-13.13473297355208,-0.15821985660630491,-0.2046067810504707,0/5,-0.23721583839164828
models_reaction,réaction aux niveaux,1,"{'hold': 15, 'wick': 0.5, 'body_k': 1.5}",developpement,reel,1.6,40769,52.194069023032206,-0.0035184458398745742,-0.1794910223704868,35.57692307692308,-33.31790846408283,-0.008214355804141526,-0.1841887449710535,42.721518987341774,-10.250778758349906,0.023658674258228343,-0.15227354161042458,44.74930669742558,-3.548750033262459,6117,5.798104265402843,40.67353277750531,0.7863841681804065,-0.08715117040246698,-1110.8442857145926,-6.897101795434378,-0.06480326501787517,-0.11104891360973854,0/5,-0.14764735146216876
models_reaction,réaction aux niveaux,1,"{'hold': 15, 'wick': 0.5, 'body_k': 1.5}",developpement,stress,1.6,40769,52.194069023032206,-0.0035184458398745742,-0.3794910223704868,23.067111459968604,-47.82499884049434,-0.008214355804141526,-0.3841887449710535,35.46266313413797,-20.412752607054834,0.023658674258228343,-0.3522735416104246,40.456966157017696,-8.138555909359212,6196,5.872985781990521,36.18463524854745,0.6100695202633336,-0.1828017814451057,-2326.5614285708107,-14.205498347470186,-0.1613772664605231,-0.20572952000027378,0/5,-0.23662206469267752
models_reaction,réaction aux niveaux,2,"{'hold': 30, 'wick': 0.5, 'body_k': 2.0}",developpement,reel,2.3,47977,53.40684077787273,-0.0012783741532050297,-0.17963064095883294,35.29338196977593,-32.9708218750626,0.0033689828423700647,-0.1749567410928354,42.69185064732003,-10.95724291320515,0.047180578150419254,-0.1310755850331623,45.19042255871189,-3.1783328092616063,6178,6.240404040404041,40.75752670767238,0.8116564114691891,-0.07754787237729882,-993.1892857145865,-6.313144450919988,-0.05344280119869311,-0.10463603933600012,0/5,-0.13793927892499674
models_reaction,réaction aux niveaux,2,"{'hold': 30, 'wick': 0.5, 'body_k': 2.0}",developpement,stress,2.3,47977,53.40684077787273,-0.0012783741532050297,-0.37963064095883303,22.93694632621157,-44.63613535806806,0.0033689828423700647,-0.37495674109283533,35.39516751099715,-22.20981320555621,0.047180578150419254,-0.3310755850331623,40.82926625787344,-7.972333388143637,6261,6.324242424242424,36.2082734387478,0.6283826243690852,-0.17606058261920898,-2257.3228571422314,-13.9869399771115,-0.14930364481285552,-0.2061496535015488,0/5,-0.23314260581928428
models_reaction,réaction aux niveaux,3,"{'hold': 10, 'wick': 0.6, 'body_k': 1.2}",developpement,reel,2.1,35578,52.28793074371802,-0.00359192736880595,-0.17803131236473027,35.806841498721084,-32.30531192049065,-0.015515923208814805,-0.18995530820473913,42.58931332040363,-10.361994012759066,0.008952517500211032,-0.16548002586376528,44.91017964071856,-4.137670425296968,4966,4.628145386766076,40.89810712847362,0.822206773297261,-0.07488920811985827,-768.143571428818,-5.087316181227722,-0.06650955649691047,-0.08384123078244103,0/5,-0.15082440113632922
models_reaction,réaction aux niveaux,3,"{'hold': 10, 'wick': 0.6, 'body_k': 1.2}",developpement,stress,2.1,35578,52.28793074371802,-0.00359192736880595,-0.3780313123647303,23.53205722798437,-46.86989096057752,-0.015515923208814805,-0.38995530820473906,35.50046378278101,-20.119486673537516,0.008952517500211032,-0.36548002586376527,40.64828090298277,-9.003424423514986,5031,4.688723205964585,36.25521765056649,0.6365706287967982,-0.17451084760722435,-1801.7078571423667,-11.561465232324148,-0.16697472407106068,-0.18258371440059526,0/5,-0.2492355702444901
models_structure,cassure de structure avec déplacement,1,"{'k': 5, 'disp': 1.5, 'hold': 10}",developpement,reel,0.9,93838,49.46716681941218,-0.007175544845822452,-0.18977939608478692,29.0836780824839,-62.9154900627087,-0.022030921115895396,-0.20437158761873217,38.19730108020899,-23.92454691546053,-0.03247058571168046,-0.21433250748093516,41.59507491661036,-11.377433292692883,12451,10.883741258741258,37.820255401172595,0.6743057705874311,-0.11677440334815574,-2917.3192857149315,-15.248510260412193,-0.10165010323859373,-0.13112000318603606,0/5,-0.16415646693743463
models_structure,cassure de structure avec déplacement,1,"{'k': 5, 'disp': 1.5, 'hold': 10}",developpement,stress,0.9,93838,49.46716681941218,-0.007175544845822452,-0.38977939608478696,15.94340427346782,-83.11615944368043,-0.022030921115895396,-0.40437158761873215,29.127178314617545,-44.109570175650916,-0.03247058571168046,-0.41433250748093514,35.77549685210807,-21.644209946218215,12546,10.966783216783217,31.755141080822575,0.4938467155430311,-0.21258383235529485,-5352.225714284375,-26.607094244510993,-0.19776889399170006,-0.22660802769374208,0/5,-0.26088717282238083
models_structure,cassure de structure avec déplacement,2,"{'k': 10, 'disp': 2.0, 'hold': 15}",developpement,reel,1.0,56421,48.57234008613814,-0.003559760920844682,-0.19167071635067284,28.531649610698263,-44.99867679089755,-0.008192017068183673,-0.1959957329540402,38.12072184194151,-16.697170398382138,0.0009433928539517715,-0.1864986505085163,42.04336246805012,-6.964178482960363,8360,7.411347517730497,38.48086124401914,0.7102019130414535,-0.10102476229333612,-1684.2592857146874,-11.466679431680793,-0.0949843540705987,-0.10667095734347186,0/5,-0.13905490910230517
models_structure,cassure de structure avec déplacement,2,"{'k': 10, 'disp': 2.0, 'hold': 15}",developpement,stress,1.0,56421,48.57234008613814,-0.003559760920844682,-0.3916707163506728,15.845201567848466,-59.66922610779548,-0.008192017068183673,-0.3959957329540402,29.072806471686373,-31.539102938724913,0.0009433928539517715,-0.38649865050851623,36.096662913114194,-14.2580117321731,8412,7.457446808510638,32.132667617689016,0.5132968687055748,-0.19911939423122177,-3356.074999999059,-22.045191946660484,-0.1936775279869923,-0.20420097139997123,0/5,-0.23631484590544558
models_structure,cassure de structure avec déplacement,3,"{'k': 3, 'disp': 1.0, 'hold': 10}",developpement,reel,1.4,181847,49.70057245926521,-0.006370727735816915,-0.18592591166390698,30.268506956096005,-75.27860801338784,-0.020989405717496797,-0.20033259325778316,39.09857696142976,-33.11963171747453,-0.030863123691001467,-0.20987803867174296,42.36373985267381,-15.824290906260917,24677,21.51438535309503,38.87425537950318,0.6915788858704379,-0.10921626610533493,-5422.392142858467,-20.496941428005602,-0.10108593890069457,-0.11707638159049374,0/5,-0.1533707154534844
models_structure,cassure de structure avec déplacement,3,"{'k': 3, 'disp': 1.0, 'hold': 10}",developpement,stress,1.4,181847,49.70057245926521,-0.006370727735816915,-0.385925911663907,16.60221252812419,-94.2999906327208,-0.020989405717496797,-0.40033259325778314,30.15100846771306,-58.415158008717604,-0.030863123691001467,-0.409878038671743,36.602766372493214,-29.936304437926907,24856,21.670444638186574,32.76070164145478,0.5033995472449899,-0.20647791520100423,-10319.8657142831,-36.316568127532506,-0.19837798347230912,-0.2142922908826676,0/5,-0.24972100768016872
models_structure,balayage de liquidité puis changement de caractère,1,"{'k': 10, 'window': 10, 'hold': 10}",developpement,reel,2.6,158333,49.32957753595271,-0.005746796553489913,-0.19459279722357445,26.375411691078394,-56.70789276873423,-0.016932908766833333,-0.20543497979714712,37.509435398443394,-30.449284273405723,-0.018731387578741644,-0.2068322026001543,42.50237741171665,-15.295200615615885,18718,16.304878048780488,38.465648039320435,0.6296609608163117,-0.11593708989334234,-4456.943571429556,-18.939570912550604,-0.12037583106241025,-0.11161627837895077,0/5,-0.16538464985917906
models_structure,balayage de liquidité puis changement de caractère,1,"{'k': 10, 'window': 10, 'hold': 10}",developpement,stress,2.6,158333,49.32957753595271,-0.005746796553489913,-0.39459279722357443,12.986364412190483,-90.8322941646098,-0.016932908766833333,-0.4054349797971471,27.171410266982132,-55.50673685126414,-0.018731387578741644,-0.4068322026001543,35.543741184429706,-29.4892801394527,18940,16.498257839721255,31.18796198521647,0.4363258527038616,-0.21369141870869535,-8226.66071428361,-33.04977417306717,-0.21928431499895584,-0.20824884716506337,0/5,-0.2591047864508475
models_structure,balayage de liquidité puis changement de caractère,2,"{'k': 20, 'window': 15, 'hold': 15}",developpement,reel,2.5,184315,48.72582264058812,-0.004867426710097857,-0.19627366992399578,26.18621064060804,-47.81454999247231,-0.012327354040511392,-0.20345351766312497,37.56834837677705,-30.353440965399027,0.004819058447947939,-0.18601086742614734,42.71149935495156,-13.350666685138156,24620,21.445993031358885,38.66368805848903,0.6323307476923503,-0.10897704300139847,-5515.1614285727355,-21.72567779701202,-0.1097468489428608,-0.10824956483172139,0/5,-0.16452686992259738
models_structure,balayage de liquidité puis changement de caractère,2,"{'k': 20, 'window': 15, 'hold': 15}",developpement,stress,2.5,184315,48.72582264058812,-0.004867426710097857,-0.39627366992399576,12.879478827361563,-78.42546353031639,-0.012327354040511392,-0.403453517663125,27.031953036164115,-55.43082190498943,0.004819058447947939,-0.3860108674261474,35.641659195766735,-27.328050412951363,24754,21.562717770034844,31.013169588753332,0.42575892271746196,-0.20843165571623573,-10494.302857140068,-38.93137181686111,-0.20851371329575386,-0.20835421166062298,0/5,-0.26541563761324216
models_structure,balayage de liquidité puis changement de caractère,3,"{'k': 5, 'window': 5, 'hold': 10}",developpement,reel,2.4,155105,49.98613842235905,-0.006399749624113513,-0.1945943975168907,26.68568146766731,-58.52484894704129,-0.023072733866058716,-0.21092063512620923,37.4684314817453,-32.136123073767635,-0.05608702450210752,-0.24353563913301235,41.50765161534102,-18.378093889561388,18297,15.93815331010453,38.09367655899874,0.6253198266298691,-0.12037247688930316,-4456.864285715224,-20.6185423873104,-0.1305109130841956,-0.11024400965822087,0/5,-0.1681082198615468
models_structure,balayage de liquidité puis changement de caractère,3,"{'k': 5, 'window': 5, 'hold': 10}",developpement,stress,2.4,155105,49.98613842235905,-0.006399749624113513,-0.39459439751689074,13.097627236766538,-93.57704176046644,-0.023072733866058716,-0.41092063512620924,27.220157227409892,-58.08179012882057,-0.05608702450210752,-0.44353563913301236,34.643673817729336,-32.7248010781267,18497,16.112369337979093,31.09693463804941,0.43492789131126647,-0.21844154924092576,-8149.402142855072,-35.43002495913826,-0.22861954253936118,-0.20826465638505698,0/5,-0.25942164996238903
models_structure,structure M5 et fin de repli M1,1,"{'k5': 2, 'k1': 3, 'hold': 10}",developpement,reel,1.0,135041,49.38278004457906,-0.005175179994666626,-0.18519829042102437,30.79908743444639,-57.61402324104937,-0.009986132740081451,-0.1898234334445679,39.882832777159805,-24.80079780072703,-0.008065283487336684,-0.18767872674154978,43.28989525798946,-11.897824467283648,17033,14.915061295971979,39.76398755357248,0.7044991379894943,-0.10320175300491789,-3587.9364285723386,-15.181350778931392,-0.09864688853014303,-0.10755730619395835,0/5,-0.1354151137487345
models_structure,structure M5 et fin de repli M1,1,"{'k5': 2, 'k1': 3, 'hold': 10}",developpement,stress,1.0,135041,49.38278004457906,-0.005175179994666626,-0.3851982904210243,17.133566412847028,-76.1524480853682,-0.009986132740081451,-0.38982343344456793,30.998146088246198,-45.91267290901146,-0.008065283487336684,-0.3876787267415498,37.58892663598992,-24.10263838122785,17206,15.066549912434326,33.505753806811576,0.5061654139664279,-0.20366482051941143,-7113.2064285696115,-28.81798732709056,-0.19765432757543666,-0.2093955334784827,0/5,-0.23810464784230143
models_structure,structure M5 et fin de repli M1,2,"{'k5': 3, 'k1': 5, 'hold': 15}",developpement,reel,1.7,139696,49.57550681479785,-0.0048264306581886525,-0.18648622329151623,30.31448702526207,-58.19661890121022,-0.012603154121863787,-0.19403354838709672,39.51827956989247,-27.956625615872813,-0.013849437636997418,-0.1950003952711201,42.868230982069065,-11.918560581498518,18997,16.64943032427695,39.36411012265095,0.6898427695007954,-0.10431784189348912,-4031.036428572455,-18.620669272749648,-0.10302444335516635,-0.10558335733480789,0/5,-0.13165718516403838
models_structure,structure M5 et fin de repli M1,2,"{'k5': 3, 'k1': 5, 'hold': 15}",developpement,stress,1.7,139696,49.57550681479785,-0.0048264306581886525,-0.3864862232915163,16.699604743083004,-74.11597618263413,-0.012603154121863787,-0.39403354838709675,30.521146953405022,-49.62027823606229,-0.013849437636997418,-0.39500039527112013,37.13536239174962,-23.6357622740828,19136,16.77125328659071,33.15217391304348,0.4924484187934095,-0.20297804152192225,-7857.984999997954,-34.10380599971356,-0.20305587582023923,-0.2029018332995449,0/5,-0.22934858293592905
models_structure,structure M5 et fin de repli M1,3,"{'k5': 2, 'k1': 2, 'hold': 5}",developpement,reel,0.8,93790,49.094786224544194,-0.004917821222495594,-0.1838939195170593,31.476444927953583,-52.81087277656333,-0.011511835235583339,-0.19036738877440953,39.852233053245214,-22.22215351217962,-0.02414452209462869,-0.2028351116771371,42.934962916983274,-12.574943175705856,19359,16.951838879159368,39.867761764553954,0.7121594128479493,-0.09991297459794178,-3899.500000001033,-16.99757138565544,-0.10595685965999176,-0.09412277743927513,0/5,-0.12125921021647253
models_structure,structure M5 et fin de repli M1,3,"{'k5': 2, 'k1': 2, 'hold': 5}",developpement,stress,0.8,93790,49.094786224544194,-0.004917821222495594,-0.3838939195170593,17.663370983052292,-74.04833897029205,-0.011511835235583339,-0.3903673887744095,31.189075495670554,-41.66813004492854,-0.02414452209462869,-0.40283511167713704,37.317394235811605,-24.313555225765818,19474,17.052539404553414,33.53702372393961,0.5142749110414264,-0.19893448271749362,-7791.10571428364,-32.44294210654828,-0.20450065095748465,-0.19360881411005842,0/5,-0.2181813358302422
models_momentum,rafale propre,1,"{'k': 4.0, 'er_min': 0.6, 'hold': 15}",developpement,reel,1.0,161625,51.036658932714616,-0.008857595406622759,-0.19066240162352124,32.983962777805274,-65.22341265492582,-0.023481128573196446,-0.20528653631976249,40.115703502041825,-25.941842129448197,-0.01321486028265214,-0.19502178056084932,43.363116600252454,-10.43875248272911,22695,19.855643044619423,38.19784093412646,0.7305729787341144,-0.10912194382795555,-5130.884285715318,-17.663272358291223,-0.09259117208587406,-0.12548026340581261,0/5,-0.14685760170168077
models_momentum,rafale propre,1,"{'k': 4.0, 'er_min': 0.6, 'hold': 15}",developpement,stress,1.0,161625,51.036658932714616,-0.008857595406622759,-0.3906624016235212,20.81312181359204,-85.77967229561939,-0.023481128573196446,-0.40528653631976247,32.853607226828366,-48.05713041818859,-0.01321486028265214,-0.3950217805608493,38.65121401876098,-20.975424932378967,22895,20.030621172353456,33.40467350949989,0.5615896663421862,-0.20585233767293698,-9636.934285711875,-32.60189590175924,-0.18957182772271455,-0.22192511956459823,0/5,-0.2444393356208931
models_momentum,rafale propre,2,"{'k': 6.0, 'er_min': 0.7, 'hold': 10}",developpement,reel,0.8,45213,48.02822197155685,-0.009030367372215749,-0.18786610045783272,33.886271647535,-39.41620489470081,-0.01247577969475755,-0.19131276266312738,40.30081840300818,-10.819204437125515,0.028760729139014608,-0.15007986018936342,43.92089195646403,-4.123028192325663,6739,6.006238859180035,37.48330612850571,0.8089157264279648,-0.08643931943048971,-1197.9292857145742,-6.653385160043071,-0.07456180787570987,-0.09662425285025822,0/5,-0.144991317349259
models_momentum,rafale propre,2,"{'k': 6.0, 'er_min': 0.7, 'hold': 10}",developpement,stress,0.8,45213,48.02822197155685,-0.009030367372215749,-0.3878661004578327,22.823081856988033,-57.81686139998057,-0.01247577969475755,-0.3913127626631273,33.572218535722186,-21.86376666035512,0.028760729139014608,-0.35007986018936343,39.456685249093,-9.648850971827535,6807,6.066844919786096,33.450859409431466,0.6508476426260049,-0.17903112964268406,-2485.9642857136023,-14.016146971609329,-0.1707994854539027,-0.18611317826424292,0/5,-0.23158058129604653
models_momentum,rafale propre,3,"{'k': 3.0, 'er_min': 0.5, 'hold': 20}",developpement,reel,0.9,282163,51.83457788583195,-0.009003122330867867,-0.19484351132863864,32.562969368552,-57.27855791566387,-0.023127062267634932,-0.20896765230211978,40.09172328488444,-32.26487516132793,-0.02585075388639597,-0.2116922924242746,43.10231163473194,-14.86625359497262,37039,32.40507436570429,38.3136693755231,0.7114874212201939,-0.11548630590803337,-8792.418571430266,-22.505932277869988,-0.10817216757913584,-0.12297509471776408,0/5,-0.16487604400308228
models_momentum,rafale propre,3,"{'k': 3.0, 'er_min': 0.5, 'hold': 20}",developpement,stress,0.9,282163,51.83457788583195,-0.009003122330867867,-0.3948435113286386,20.140983339299197,-77.16443336309304,-0.023127062267634932,-0.4089676523021198,32.66242074335556,-55.05522560133719,-0.02585075388639597,-0.4116922924242747,38.314583643465255,-28.056990762551447,37388,32.71041119860018,33.283406440569166,0.5408536559711821,-0.21281972745420158,-16213.383571424589,-38.981105381951515,-0.20629799880475846,-0.21950250388140635,0/5,-0.2587407344027582
models_momentum,compression puis cassure ou piège,1,"{'n_box': 30, 'q_max': 0.6, 'hold': 20}",developpement,reel,1.0,127371,49.27416758916865,-0.00799447270900035,-0.20633762012436369,23.535738961120533,-43.848125143549986,-0.028050394962073816,-0.2263881778350107,34.627102407462665,-32.71580136122912,-0.051010524662267985,-0.24933011310084796,39.46591266101163,-18.721320891639348,16551,14.79088471849866,36.43888586792339,0.5362569387808884,-0.13038722372309397,-4333.377142857986,-21.7234255587229,-0.1290206161236693,-0.13170437530474166,0/5,-0.19919836937098512
models_momentum,compression puis cassure ou piège,1,"{'n_box': 30, 'q_max': 0.6, 'hold': 20}",developpement,stress,1.0,127371,49.27416758916865,-0.00799447270900035,-0.40633762012436375,10.324414295584448,-57.91642928306658,-0.028050394962073816,-0.42638817783501065,23.92308054713633,-48.90597056770862,-0.051010524662267985,-0.4493301131008479,32.08058435438266,-30.987634472753136,16653,14.882037533512065,28.51137933105146,0.3393735601467943,-0.23004079230363447,-7681.056428569439,-33.453234704134495,-0.22831316400313845,-0.2317078771698831,0/5,-0.29562608345031144
models_momentum,compression puis cassure ou piège,2,"{'n_box': 60, 'q_max': 0.6, 'hold': 30}",developpement,reel,1.1,129761,50.51517790399272,-0.0046676428654000785,-0.1963463450348733,23.774035682632654,-52.36598247821617,-0.013070537180208557,-0.20474412832509847,35.004971749670474,-31.984811076245954,-0.020690726817042773,-0.2123532677848469,40.07865818392134,-14.996733629037092,16784,15.025962399283795,37.04122974261202,0.5880611922826945,-0.11236960542203374,-3778.370714286608,-21.19901065376921,-0.1099542891326366,-0.11481737317789112,0/5,-0.16806061678047418
models_momentum,compression puis cassure ou piège,2,"{'n_box': 60, 'q_max': 0.6, 'hold': 30}",developpement,stress,1.1,129761,50.51517790399272,-0.0046676428654000785,-0.3963463450348733,10.622326692613,-64.4658475612557,-0.013070537180208557,-0.4047441283250985,24.297595831438414,-49.86013449470709,-0.020690726817042773,-0.41235326778484693,32.62695199537305,-27.22013519471622,16868,15.101163831692032,28.77045292862224,0.37682600697628255,-0.2116063124147076,-7149.872857140874,-35.355140562813844,-0.20966063442893787,-0.21357987210077498,0/5,-0.26617987744871663
models_momentum,compression puis cassure ou piège,3,"{'n_box': 15, 'q_max': 0.5, 'hold': 10}",developpement,reel,1.2,42914,50.51731369716177,-0.005035889070146998,-0.22144907946865547,25.019808902353763,-21.88321986065838,-0.020171103547951017,-0.23655018881999165,35.6986339689496,-17.056708693974954,-0.042262118491921616,-0.25863624705635535,40.20611345566462,-11.253530414699606,5572,6.539906103286385,37.65254845656856,0.5476974723546113,-0.143339489283518,-1600.242142857407,-11.0257796683461,-0.14834065383782236,-0.13832034139748292,0/5,-0.19718292355977995
models_momentum,compression puis cassure ou piège,3,"{'n_box': 15, 'q_max': 0.5, 'hold': 10}",developpement,stress,1.2,42914,50.51731369716177,-0.005035889070146998,-0.4214490794686555,11.787462130039618,-30.671436822112003,-0.020171103547951017,-0.4365501888199917,25.842696629213485,-25.709961497765676,-0.042262118491921616,-0.45863624705635536,33.61701135489286,-18.13663610224959,5602,6.575117370892019,30.078543377365225,0.36347291365567364,-0.24229311281017837,-2717.9342857136157,-16.244233026487173,-0.24722862345660893,-0.23734348557984666,0/5,-0.2987716485186151
models_momentum,élan multi-horizons aux heures actives,1,"{'t_in': 1.2, 'er_min': 0.4, 'v_min': 1.3}",developpement,reel,1.3,31758,49.28207065936142,-0.014347565967629934,-0.18671736255431676,35.515460671326906,-40.3965529661713,-0.02606398387807765,-0.19843378046476448,40.673216197493545,-10.350545845112917,0.015556395238995085,-0.15681340134769176,43.69922539202721,-3.432930328385909,6762,5.936786654960492,38.05087252292221,0.7716173331316029,-0.10391989077051098,-1390.1250000003074,-8.072164705165223,-0.10564997071991522,-0.10232172018851508,0/5,-0.17271699857168044
models_momentum,élan multi-horizons aux heures actives,1,"{'t_in': 1.2, 'er_min': 0.4, 'v_min': 1.3}",developpement,stress,1.3,31758,49.28207065936142,-0.014347565967629934,-0.38671736255431677,24.73392531015807,-64.31123778826361,-0.02606398387807765,-0.3984337804647644,34.38818565400844,-21.86560883671122,0.015556395238995085,-0.35681340134769174,39.744316392719945,-8.011194381485854,6791,5.962247585601404,33.57384773965543,0.6122911696611328,-0.1972048152198037,-2675.404999999329,-15.546246011543674,-0.20283896344339664,-0.1919969400411808,0/5,-0.2617402776678256
models_momentum,élan multi-horizons aux heures actives,2,"{'t_in': 1.6, 'er_min': 0.5, 'v_min': 1.5}",developpement,reel,0.9,12746,48.03860034520634,-0.01309744233485085,-0.18444217793817735,37.039071081123495,-25.648994123802204,-0.0072101051310214685,-0.17855484073434805,41.691511062294055,-5.5336759201007455,0.0867040640200843,-0.08464067158324225,45.104346461635025,-1.1880959279870087,2791,2.856704196519959,37.871730562522394,0.8261165904580968,-0.08155337204753395,-469.7814285715449,-3.9988061907162007,-0.07766101729128794,-0.0848841304061035,1/5,-0.20318953049410712
models_momentum,élan multi-horizons aux heures actives,2,"{'t_in': 1.6, 'er_min': 0.5, 'v_min': 1.5}",developpement,stress,0.9,12746,48.03860034520634,-0.01309744233485085,-0.38444217793817737,27.12223442648674,-45.03489366463972,-0.0072101051310214685,-0.378554840734348,35.94853287305821,-12.427680133582774,0.0867040640200843,-0.2846406715832423,41.58951828024478,-4.106081165558044,2806,2.872057318321392,33.39272986457591,0.6700664027463443,-0.17522918463081374,-1003.6721428568706,-8.714176625588392,-0.17075328672691661,-0.17906524537571566,0/5,-0.2930626254430257
models_momentum,élan multi-horizons aux heures actives,3,"{'t_in': 0.9, 'er_min': 0.35, 'v_min': 1.1}",developpement,reel,1.0,57322,50.64722096228324,-0.011940267262133158,-0.18498639265901395,34.88887338194759,-55.754386970056004,-0.027785666934161467,-0.20083179233104226,40.87610341579149,-15.068590887317303,-0.012230382750078844,-0.18527650814695965,43.41614039984648,-5.692616597321975,11642,10.149956408020925,39.28019240680295,0.775918688451265,-0.0964403798995331,-2240.2271428577037,-10.426539458445374,-0.08957846285762575,-0.10311853712913177,0/5,-0.14945147735010064
models_momentum,élan multi-horizons aux heures actives,3,"{'t_in': 0.9, 'er_min': 0.35, 'v_min': 1.1}",developpement,stress,1.0,57322,50.64722096228324,-0.011940267262133158,-0.3849863926590139,23.395903841457034,-88.89598628113994,-0.027785666934161467,-0.4008317923310422,34.2311852342905,-31.45084791135173,-0.012230382750078844,-0.3852765081469597,39.333938104043824,-12.119077200382355,11700,10.20052310374891,34.73504273504274,0.6064386267487933,-0.1914767276358849,-4487.277142855977,-20.967065344917557,-0.1851295381566196,-0.19764211050833053,0/5,-0.2430276904678897
models_volume,initiation (volume + déplacement),1,"{'vol_q': 0.95, 'body_k': 1.5, 'hold': 15}",developpement,reel,4.6,38913,48.79089250379051,-0.01461649187744181,-0.19569118856672826,33.07114949619576,-32.85757334339727,-0.03543915180524427,-0.21645461797781693,39.20069996654571,-11.70864709296129,-0.03738014715373668,-0.21809448818897612,41.93365173615593,-5.69436332432934,7131,6.683223992502343,35.9697097181321,0.7233306076889413,-0.12124510586573788,-1777.5642857146124,-10.652080014162516,-0.11651308322150222,-0.1255476356916614,0/5,-0.1769710970026525
models_volume,initiation (volume + déplacement),1,"{'vol_q': 0.95, 'body_k': 1.5, 'hold': 15}",developpement,stress,4.6,38913,48.79089250379051,-0.01461649187744181,-0.3956911885667283,21.619884844746043,-42.23492756343539,-0.03543915180524427,-0.4164546179778169,32.37345273939113,-21.603046220823273,-0.03738014715373668,-0.41809448818897615,37.43126371498644,-10.853968187666966,7175,6.724461105904405,31.303135888501743,0.5660513119841563,-0.21853529079345388,-3198.9928571421333,-18.675008730063794,-0.21649158787785355,-0.22039043616805093,0/5,-0.27605600178021855
models_volume,initiation (volume + déplacement),2,"{'vol_q': 0.99, 'body_k': 2.0, 'hold': 20}",developpement,reel,4.3,21450,48.56410256410256,-0.006079089722066605,-0.18955138966610688,33.2913635515762,-24.473876787045988,-0.0012122910245634564,-0.18465022882226592,39.82441393480901,-7.039241391135652,-0.0026811424283629103,-0.18578014350701036,42.222013787928525,-3.144511383256526,3421,3.9097142857142857,36.04209295527623,0.7896742194657433,-0.0978341882466823,-682.1285714287148,-5.685780605538414,-0.07239120656016688,-0.1200845985325336,0/5,-0.15442978651629358
models_volume,initiation (volume + déplacement),2,"{'vol_q': 0.99, 'body_k': 2.0, 'hold': 20}",developpement,stress,4.3,21450,48.56410256410256,-0.006079089722066605,-0.3895513896661069,22.402536840141764,-32.724176412983695,-0.0012122910245634564,-0.38465022882226585,33.197907910712615,-14.410040730897553,-0.0026811424283629103,-0.38578014350701045,37.83238756272569,-6.5306017469005635,3459,3.9531428571428573,31.569817866435386,0.632604511834004,-0.19403813325825892,-1364.7899999996555,-11.434215313399251,-0.1712386892793488,-0.21395985760169445,0/5,-0.2562166835252817
models_volume,initiation (volume + déplacement),3,"{'vol_q': 0.9, 'body_k': 1.0, 'hold': 10}",developpement,reel,4.3,53305,48.97289184879467,-0.019247973581507108,-0.19848769138396882,33.18260282197538,-39.40996197316317,-0.04162597656249973,-0.2208101712740382,38.859675480769226,-14.785436333921222,-0.057968929479333554,-0.23688918180962262,41.26730063082572,-7.6770328243077595,10155,9.132194244604317,35.90349581486952,0.7109392728273491,-0.1282413531694058,-2661.4021428576175,-13.337458002486775,-0.13293625673343618,-0.12395589401112903,0/5,-0.18570186154437232
models_volume,initiation (volume + déplacement),3,"{'vol_q': 0.9, 'body_k': 1.0, 'hold': 10}",developpement,stress,4.3,53305,48.97289184879467,-0.019247973581507108,-0.39848769138396883,21.678925247673373,-48.15223161489659,-0.04162597656249973,-0.4208101712740382,32.29417067307692,-26.726565480604947,-0.057968929479333554,-0.4368891818096226,36.71029093305715,-14.016790467447857,10196,9.16906474820144,31.37504903883876,0.5564631916068986,-0.2254620497600319,-4665.154999998987,-22.440463520459648,-0.23144630531551114,-0.22000947876562052,0/5,-0.28239525544139593
models_volume,épuisement (climax aux bandes VWAP),1,"{'band_k': 2.0, 'vol_q': 0.95, 'hold': 15}",developpement,reel,3.7,20965,56.3415215835917,-0.0021117153215032686,-0.18656554092730368,34.258729250143105,-26.58892857993949,-0.007437022900764047,-0.19188740458015335,43.282442748091604,-8.515830655897288,-0.03416980861929131,-0.21862119982818742,46.78566315086145,-4.123249653185476,3312,3.864644107351225,41.938405797101446,0.7394022472674686,-0.10158596587676658,-688.8642857144423,-6.739037581176933,-0.08965084575287165,-0.1168560197723761,0/5,-0.14542614091024833
models_volume,épuisement (climax aux bandes VWAP),1,"{'band_k': 2.0, 'vol_q': 0.95, 'hold': 15}",developpement,stress,3.7,20965,56.3415215835917,-0.0021117153215032686,-0.38656554092730366,21.164854035489412,-35.14790441064302,-0.007437022900764047,-0.3918874045801534,35.586832061068705,-16.23653099856942,-0.03416980861929131,-0.41862119982818746,41.55968119123753,-7.7461225950229275,3346,3.9043173862310385,36.67065152420801,0.5525138348679237,-0.20119786794163538,-1367.607857142506,-12.883147434336612,-0.18807630560793712,-0.21800455889256873,0/5,-0.24246302291132074
models_volume,épuisement (climax aux bandes VWAP),2,"{'band_k': 2.5, 'vol_q': 0.99, 'hold': 20}",developpement,reel,3.3,13941,58.49652105300911,-0.013318507890960339,-0.19487159253945385,33.95265423242468,-24.99973040793934,-0.0405539609644086,-0.22201349024110206,42.91044776119403,-8.671148511715181,-0.10392646847623171,-0.28529441332758887,46.057733735458854,-3.906258683283961,1905,3.0528846153846154,41.62729658792651,0.6929318795918172,-0.12542086131933494,-501.57142857151666,-6.7129692865182085,-0.1045002031605265,-0.15501205841088153,0/5,-0.19151163678147337
models_volume,épuisement (climax aux bandes VWAP),2,"{'band_k': 2.5, 'vol_q': 0.99, 'hold': 20}",developpement,stress,3.3,13941,58.49652105300911,-0.013318507890960339,-0.3948715925394539,21.456241032998566,-32.8663020212241,-0.0405539609644086,-0.4220134902411021,34.76607347876005,-15.59057163018672,-0.10392646847623171,-0.4852944133275889,41.31839724256786,-6.553536460266227,1927,3.0881410256410255,36.06642449403218,0.5268264829283293,-0.22147452550089586,-884.9071428569457,-11.865398632747763,-0.19919474987980684,-0.25286115940710496,0/5,-0.2802392967092712
models_volume,épuisement (climax aux bandes VWAP),3,"{'band_k': 1.5, 'vol_q': 0.9, 'hold': 10}",developpement,reel,3.2,15799,56.61117792265333,-0.00805393770574809,-0.1948107115725498,33.945302608255254,-25.232570079243313,-0.06442846280572864,-0.25074388543910847,41.718413382334305,-10.581086459149446,-0.14273425109433588,-0.3289253314724365,44.9724037302544,-6.050685191931678,2428,2.816705336426914,39.74464579901153,0.6520729448589173,-0.14542967978151417,-711.5478571429717,-8.591409458711965,-0.1390756043391174,-0.15389567655250774,0/5,-0.20676357507511106
models_volume,épuisement (climax aux bandes VWAP),3,"{'band_k': 1.5, 'vol_q': 0.9, 'hold': 10}",developpement,stress,3.2,15799,56.61117792265333,-0.00805393770574809,-0.3948107115725498,20.973664218789565,-34.17816895901447,-0.06442846280572864,-0.4507438854391085,33.962742364719304,-17.753960470715985,-0.14273425109433588,-0.5289253314724366,39.82110004440779,-9.544947447979203,2460,2.8538283062645013,35.40650406504065,0.49289415512672663,-0.24053798960185988,-1195.2042857140289,-13.609262840723964,-0.2358408465022346,-0.24681422924209992,0/5,-0.30476460286247703
models_volume,défense du VWAP,1,"{'vol_d': 0.3, 'frac': 0.8, 'hold': 15}",developpement,reel,3.7,31980,52.96747967479675,-0.001317569683682435,-0.18650360162856183,25.530848731600376,-36.68767910153866,-0.0027065679634576544,-0.18733312332650695,37.605922192471255,-15.867620360915042,-0.006896089385474192,-0.190822984836392,42.92418196328811,-7.190250851814807,4767,4.805443548387097,38.97629536396056,0.6189083234787348,-0.10463796583320638,-996.2585714288393,-11.790053714737045,-0.10371056761624288,-0.10566932140457475,0/5,-0.15873966455743085
models_volume,défense du VWAP,1,"{'vol_d': 0.3, 'frac': 0.8, 'hold': 15}",developpement,stress,3.7,31980,52.96747967479675,-0.001317569683682435,-0.38650360162856184,11.954274976511119,-43.930974613285166,-0.0027065679634576544,-0.38733312332650693,26.712868168215465,-28.534432182560188,-0.006896089385474192,-0.39082298483639194,35.57861133280127,-14.226457493131697,4781,4.819556451612903,31.060447605103537,0.40395230206573224,-0.20086677641352513,-1920.288571428031,-21.43204397645391,-0.19915160076035443,-0.20277842729631596,0/5,-0.2532603709122938
models_volume,défense du VWAP,2,"{'vol_d': 0.45, 'frac': 0.9, 'hold': 20}",developpement,reel,3.3,11149,50.51574132209167,-0.0049262987596612505,-0.18913356102822138,24.114686320330755,-28.304275391690336,0.00529710144927627,-0.17822010869565125,37.0018115942029,-9.37007282224933,0.00027485703744816256,-0.18246633462460682,42.58439402324294,-3.9595430870321238,1439,2.476764199655766,38.91591382904795,0.5897874360154485,-0.10838626653167441,-312.37071428579543,-6.7433313901985725,-0.11697890517434252,-0.09939027500819829,0/5,-0.16710232061504882
models_volume,défense du VWAP,2,"{'vol_d': 0.45, 'frac': 0.9, 'hold': 20}",developpement,stress,3.3,11149,50.51574132209167,-0.0049262987596612505,-0.3891335610282214,10.605788243753372,-33.39405623204026,0.00529710144927627,-0.37822010869565126,25.36231884057971,-18.587135972782797,0.00027485703744816256,-0.38246633462460683,34.587714443829555,-8.230712292844991,1444,2.485370051635112,29.778393351800553,0.3804293582345644,-0.20206767500093262,-584.4007142855517,-12.707224393427312,-0.20903437732586597,-0.1947447208525652,0/5,-0.25816750186342485
models_volume,défense du VWAP,3,"{'vol_d': 0.2, 'frac': 0.7, 'hold': 10}",developpement,reel,3.1,46491,51.11957152997354,-0.004068712977921033,-0.18774905761981656,26.37156704361874,-42.67823504176565,-0.00685448956619524,-0.1900149363581253,37.6655987531388,-19.382902487906296,-0.006985857524409934,-0.18950304304041327,43.136739787206096,-8.831946400710661,6479,5.987985212569316,39.450532489581725,0.6396127988557831,-0.10193802180795286,-1317.5421428575082,-12.270263792148777,-0.10974308579385217,-0.09369452674445779,0/5,-0.13618537812136228
models_volume,défense du VWAP,3,"{'vol_d': 0.2, 'frac': 0.7, 'hold': 10}",developpement,stress,3.1,46491,51.11957152997354,-0.004068712977921033,-0.3877490576198166,12.56435110393107,-50.40303709078064,-0.00685448956619524,-0.39001493635812523,27.11490172309291,-33.790442774414075,-0.006985857524409934,-0.3895030430404133,36.056745041376594,-17.38100420072297,6490,5.99815157116451,31.818181818181817,0.42257561674739585,-0.19904414457307565,-2580.8164285707026,-22.246306829337772,-0.20690308160452847,-0.19073683712461442,0/5,-0.23316684955894057
models_reversion,élastique EMA,1,"{'span': 20, 'k': 3.0, 'hold': 15}",developpement,reel,1.5,92777,52.33193571682637,0.0014729943843839366,-0.177057568147278,33.34662685794971,-51.10976011766381,-0.007258156655206003,-0.18578871918686796,43.36742942755209,-19.059652423934256,-0.01286498081317694,-0.19139438623722732,47.00879575734058,-8.937228590989458,17875,15.638670166229222,43.92167832167832,0.770947290646869,-0.07830354883345372,-2907.9007142866467,-12.950348202363397,-0.06584599057744372,-0.09227357826153804,0/5,-0.1000288353740705
models_reversion,élastique EMA,1,"{'span': 20, 'k': 3.0, 'hold': 15}",developpement,stress,1.5,92777,52.33193571682637,0.0014729943843839366,-0.377057568147278,19.436929411384288,-71.03532741835791,-0.007258156655206003,-0.38578871918686797,34.46112721903058,-35.376951491159005,-0.01286498081317694,-0.39139438623722733,41.36377355236493,-17.695571503478,18067,15.806649168853893,37.79819560524714,0.5589447049664644,-0.17799075700291106,-6588.198571426663,-27.596624848403753,-0.1651401534804481,-0.19239037106734228,0/5,-0.19616288425578135
models_reversion,élastique EMA,2,"{'span': 20, 'k': 4.0, 'hold': 15}",developpement,reel,1.2,47830,55.36483378632657,0.0010441145724441833,-0.18217164959230597,33.6629730294794,-36.215760739170854,-0.01204934141752053,-0.19526510558227067,43.54171022370897,-13.74692164547633,-0.025697679280786596,-0.20891344344553678,46.95588542755593,-6.671081420903421,8757,7.729037952338923,43.599406189334246,0.7826452206720859,-0.07654682001916409,-1431.8992857147146,-8.498127326704,-0.05883861647265212,-0.09883622762994007,0/5,-0.1040713613496569
models_reversion,élastique EMA,2,"{'span': 20, 'k': 4.0, 'hold': 15}",developpement,stress,1.2,47830,55.36483378632657,0.0010441145724441833,-0.38217164959230604,20.150533138197783,-52.839101393593886,-0.01204934141752053,-0.3952651055822707,34.98013798871001,-25.502117977459733,-0.025697679280786596,-0.40891344344553676,41.44679071712314,-12.727020869808216,8849,7.810238305383937,37.76697931969714,0.5799738694501981,-0.17490808590797818,-3226.079999999057,-18.59487328789882,-0.15617108082852452,-0.19848954891124157,0/5,-0.2000251071254353
models_reversion,élastique EMA,3,"{'span': 50, 'k': 5.0, 'hold': 30}",developpement,reel,1.5,165869,52.206259156322155,0.0004817773490487339,-0.18215615108672734,30.108220540801256,-60.51221471271987,-0.006512704863665754,-0.18914364274429912,41.20066086998469,-24.339174365636914,-0.025804040111501593,-0.20841189105696978,45.648553741447344,-11.430834236698443,22501,19.61726242371404,42.91809252922093,0.7411628436862115,-0.08329439347327068,-3846.9592857154457,-15.902949052331874,-0.08285055352883654,-0.08378547607046849,0/5,-0.10837973847439482
models_reversion,élastique EMA,3,"{'span': 50, 'k': 5.0, 'hold': 30}",developpement,stress,1.5,165869,52.206259156322155,0.0004817773490487339,-0.38215615108672735,16.425406203840474,-78.25478625597381,-0.006512704863665754,-0.38914364274429913,31.385897420436322,-42.95728902446519,-0.025804040111501593,-0.40841189105696973,39.30178957149236,-21.353409584432143,22729,19.816041848299914,35.87927317523868,0.5244923696937335,-0.18260074682305005,-8452.763571426083,-31.659397302046706,-0.18190518393106625,-0.18337160160771032,0/5,-0.20993507066100928
models_reversion,épuisement de série,1,"{'n': 4, 'k': 3.0, 'hold': 15}",developpement,reel,2.0,10595,46.34261444077395,-0.001100519112789703,-0.17364322793770712,35.15809344030203,-21.12163020651324,-0.007109957527135906,-0.17965266635205335,44.067956583294006,-6.902624905894972,0.050502123643228085,-0.12204058518168935,47.28645587541293,-2.2411624486668056,2868,3.103896103896104,44.21199442119944,0.8069378957895773,-0.07470273833901388,-432.3907142858661,-4.688736150819733,-0.05665308551290791,-0.090890125397347,0/5,-0.10840348003036775
models_reversion,épuisement de série,1,"{'n': 4, 'k': 3.0, 'hold': 15}",developpement,stress,2.0,10595,46.34261444077395,-0.001100519112789703,-0.37364322793770716,21.95375176970269,-31.018084993294362,-0.007109957527135906,-0.3796526663520533,35.941481831052386,-13.80056280786257,0.050502123643228085,-0.3220405851816893,42.25578102878716,-5.831214408404122,2872,3.1082251082251084,38.68384401114206,0.6124364050955468,-0.1707208942486706,-992.1121428568556,-10.550745382041807,-0.15577391716856004,-0.18416526516728854,0/5,-0.203919386433545
models_reversion,épuisement de série,2,"{'n': 3, 'k': 4.0, 'hold': 15}",developpement,reel,1.3,9110,47.81558726673985,-0.0011361141602644102,-0.1741064763995619,34.78594950603732,-19.89163322734146,-0.008341383095500575,-0.18131174533479807,43.73216245883644,-6.328031747746126,0.0196300768386391,-0.1533402854006584,46.28979143798024,-2.4847993825525756,2345,2.6587301587301586,44.60554371002132,0.8055132280953745,-0.07460179599693192,-348.4400000001265,-4.435299476701865,-0.052445190790828544,-0.09520835063306102,0/5,-0.1369963831251741
models_reversion,épuisement de série,2,"{'n': 3, 'k': 4.0, 'hold': 15}",developpement,stress,1.3,9110,47.81558726673985,-0.0011361141602644102,-0.37410647639956196,21.85510428100988,-29.59800991409625,-0.008341383095500575,-0.381311745334798,35.48847420417124,-12.609896491805749,0.0196300768386391,-0.35334028540065837,41.306256860592754,-5.636462561744193,2348,2.6621315192743764,38.33049403747871,0.6102674256705302,-0.16936780113406685,-800.1471428569075,-9.941145094580069,-0.14894917986801484,-0.18840837553278036,0/5,-0.2268444938296723
models_reversion,épuisement de série,3,"{'n': 5, 'k': 3.0, 'hold': 20}",developpement,reel,1.9,9844,47.57212515237708,0.0003809427062164306,-0.1729439252336454,34.63023161316538,-19.81750412146994,-0.009376269809021204,-0.18270113774888302,44.13856156034133,-6.644885851951549,0.03862251117431976,-0.13470235676554213,47.348638764729785,-2.3471688099841583,2482,2.791901012373453,45.004029008863824,0.8044951352975028,-0.0725683633233932,-366.1885714287075,-4.360323816139421,-0.04874367679307427,-0.09433571377707703,0/5,-0.1324705882353115
models_reversion,épuisement de série,3,"{'n': 5, 'k': 3.0, 'hold': 20}",developpement,stress,1.9,9844,47.57212515237708,0.0003809427062164306,-0.37294392523364545,21.231206826493295,-28.829358429129734,-0.009376269809021204,-0.3827011377488831,35.49370174725721,-13.101279704155028,0.03862251117431976,-0.3347023567655421,42.18813490451036,-5.7465499846668715,2489,2.7997750281214846,39.13218159903576,0.6048535945013224,-0.16835032085984214,-849.9299999997518,-10.049340577032895,-0.14739288770377262,-0.1875801381856347,0/5,-0.22351327053913592
models_reversion,faux départ du range,1,"{'w': 30, 'r': 6.0, 'hold': 20}",developpement,reel,2.9,134649,48.68658512131542,-0.0018523854791754634,-0.17953203909452806,30.24552908323926,-61.90248537615218,-0.00530164506665679,-0.18298191540718187,40.934308737791966,-28.856877270419744,-0.0031688948306597448,-0.1808479649435534,45.249554367201426,-12.623764208629044,22294,19.556140350877193,42.536108369965014,0.70902362019408,-0.09051538023350506,-4071.2864285727246,-19.108674249391054,-0.0898769075379911,-0.09112957939170827,0/5,-0.12369380334594272
models_reversion,faux départ du range,1,"{'w': 30, 'r': 6.0, 'hold': 20}",developpement,stress,2.9,134649,48.68658512131542,-0.0018523854791754634,-0.37953203909452804,15.596963935595031,-76.74259345541772,-0.00530164506665679,-0.3829819154071819,31.311968509784986,-50.60782834269817,-0.0031688948306597448,-0.3808479649435534,39.09090909090909,-25.526560301715794,22406,19.65438596491228,35.64670177630992,0.490032304909717,-0.18913073058130953,-8516.361428569066,-36.822067628672755,-0.1886555881528645,-0.1895882242677782,0/5,-0.22314544482851395
models_reversion,faux départ du range,2,"{'w': 60, 'r': 8.0, 'hold': 30}",developpement,reel,1.7,138129,49.755663184414566,-0.0026009773755656784,-0.18432072398190052,28.32,-58.43255786737619,-0.007769024120028122,-0.18946423269925636,39.69703333067827,-29.300696765759703,0.0019494972196647605,-0.17966744723887673,44.73113758128947,-11.941421120120792,19984,17.499124343257442,41.22297838270617,0.6665839473968218,-0.10013213135238805,-4047.0085714297115,-19.848346928401657,-0.09968521519451358,-0.10057557233726738,0/5,-0.1299069207099259
models_reversion,faux départ du range,2,"{'w': 60, 'r': 8.0, 'hold': 30}",developpement,stress,1.7,138129,49.755663184414566,-0.0026009773755656784,-0.3843207239819006,13.890316742081449,-72.04560957466889,-0.007769024120028122,-0.38946423269925634,29.414703731327073,-50.37569053245284,0.0019494972196647605,-0.37966744723887674,38.16490615008736,-24.285713655617826,20073,17.57705779334501,34.29482389279131,0.4532708498138419,-0.19762384795420243,-7986.559285712112,-36.95816514409602,-0.1972953048354681,-0.19795027017684802,0/5,-0.22508163396654626
models_reversion,faux départ du range,3,"{'w': 15, 'r': 4.0, 'hold': 10}",developpement,reel,2.1,62794,47.45357836735994,0.0011126859254068336,-0.17323008567697556,33.96821352358506,-41.48359596508936,0.003439182087460684,-0.1709035895149217,43.201579768767715,-16.888021733712698,0.015344618912635052,-0.15899815268974737,47.294327483517534,-7.234240569589311,13615,12.321266968325792,43.437385236871094,0.779249045881705,-0.07864765616963901,-2148.6507142864652,-10.84993589592623,-0.09969435661395573,-0.05881692058694113,0/5,-0.1175787810383935
models_reversion,faux départ du range,3,"{'w': 15, 'r': 4.0, 'hold': 10}",developpement,stress,2.1,62794,47.45357836735994,0.0011126859254068336,-0.3732300856769755,20.02579864318247,-52.11962570482057,0.003439182087460684,-0.37090358951492164,35.068637130936075,-31.48477763047349,0.015344618912635052,-0.35899815268974733,41.9291652068669,-15.660332823265406,13687,12.386425339366516,37.656170088405055,0.5714425724104581,-0.1771664322690261,-4863.098571427173,-23.096790485585156,-0.20037083403980782,-0.1552958060754749,0/5,-0.2171976481704476
